id,name,location,price,moodCategory,imageUrl
H001,Makati Diamond Residences,Makati City Metro Manila,4500.00,Urban Comfort,https://images.unsplash.com/photo-1566073771259-6a8506099945?w=800
H002,BGC The Fort Premium Suites,Bonifacio Global City Taguig,5200.00,Urban Comfort,https://images.unsplash.com/photo-1551882547-ff40c63fe5fa?w=800
H003,Manila Bay View Hotel,Roxas Boulevard Manila,3800.00,Urban Comfort,https://images.unsplash.com/photo-1542314831-068cd1dbfeeb?w=800
H004,Ortigas Center Executive Tower,Pasig City Metro Manila,4200.00,Urban Comfort,https://images.unsplash.com/photo-1520250497591-112f2f40a3f4?w=800
H005,Quezon City Grand Plaza,Quezon City Metro Manila,3500.00,Urban Comfort,https://images.unsplash.com/photo-1455587734955-081b22074882?w=800
H006,Boracay White Beach Resort,Boracay Island Aklan,6800.00,Coastal Escape,https://images.unsplash.com/photo-1559827260-dc66d52bef19?w=800
H007,El Nido Paradise Cove,El Nido Palawan,7500.00,Coastal Escape,https://images.unsplash.com/photo-1571896349842-33c89424de2d?w=800
H008,Siargao Island Surf Resort,Siargao Surigao del Norte,5500.00,Coastal Escape,https://images.unsplash.com/photo-1582719478250-c89cae4dc85b?w=800
H009,Cebu Mactan Beach Hotel,Lapu-Lapu City Cebu,4800.00,Coastal Escape,https://images.unsplash.com/photo-1574168737175-a44c7e4d2a32?w=800
H010,Batangas Anilao Dive Resort,Anilao Batangas,3900.00,Coastal Escape,https://images.unsplash.com/photo-1540541338287-41700207dee6?w=800
H011,Tagaytay Taal Vista Lodge,Tagaytay City Cavite,4000.00,Nature Retreat,https://images.unsplash.com/photo-1571003123894-1f0594d2b5d9?w=800
H012,Baguio Pine Hills Retreat,Baguio City Benguet,3600.00,Nature Retreat,https://images.unsplash.com/photo-1587061949409-02df41d5e562?w=800
H013,Sagada Mountain Lodge,Sagada Mountain Province,3200.00,Nature Retreat,https://images.unsplash.com/photo-1596394516093-501ba68a0ba6?w=800
H014,Bohol Chocolate Hills Vista,Carmen Bohol,4500.00,Nature Retreat,https://images.unsplash.com/photo-1551918120-9739cb430c6d?w=800
H015,Camiguin Volcano View Resort,Camiguin Island,3800.00,Nature Retreat,https://images.unsplash.com/photo-1584132967334-10e028bd69f7?w=800
